(521)342-5504 x00714,John Langworth,1730 Everette Stravenue
1-900-063-1560 x88979,Jan Nolan,74599 Becker Club
1-662-125-5458,Mr. Winston Hegmann,4707 Allen Unions
(303)563-8992,Carley Hackett MD,08409 Howell Mountain
852-911-4097 x73376,Lavina Price,40871 Bosco Way
(611)714-2696 x72063,Vicky Koch,98046 Violet Forest
(864)072-2326 x512,Efrain Abernathy,97508 Cloyd Mills
(751)587-0855,Hank Sanford,0383 Brown Ways
1-567-746-3362,Angeline Emmerich,68526 Sonia Gateway
709.761.8762 x68657,Ezequiel Zulauf,763 Ziemann Hollow
1-899-609-9789 x705,Opal Koelpin,0419 Carmel Freeway
1-394-617-9155 x324,Jerrold Sipes,4858 Leon Squares
104.666.5352 x1052,Sheridan Brekke,5975 Torphy Junction
1-426-534-4949 x3482,Bradley O'Reilly PhD,20943 Senger View
869.130.5689,Gunnar Reynolds,972 Larkin Plaza
625.899.7617,Sid Mante,19589 Damien Loaf
740.289.2096 x18014,Mr. Olen Robel,324 Schoen Cove
1-725-732-4936 x5438,Mr. Sydnie Johnson,191 Altenwerth Forest
546-368-0069,Dr. Joshua Emard,87009 Ida Bridge
(560)823-3428 x4125,Manuela Schulist,47169 Connelly Extension
858.520.7935,Mrs. Thad Hoppe,5172 Bradley Lake
(553)457-5322 x94064,Stephan Goldner,61163 Denesik Causeway
474-977-9258 x591,Lia Harvey,043 O'Kon Grove
1-449-588-7171 x0670,Luella Mosciski,405 Skiles Ford
1-444-233-1241 x408,Coralie Reilly,5624 Rigoberto Village
(016)101-5189,Walker Bradtke,571 Alena Dam
1-453-247-2573 x11680,Miss Eleanora Zulauf,757 Jay Neck
1-085-923-3299 x680,Izaiah Schuppe,7129 Blanda Fork
801.879.4557,Janis Terry,8423 Sophie Course
726-906-7331,Loyce Feest,61861 Treutel Stravenue
1-410-461-3607 x7067,Mr. Daniella Schneider,823 Krajcik Plains
(576)449-6983,Mrs. Chasity Leuschke,851 Sophia Hills
1-326-046-3840 x3031,Karl Rau,0690 Tobin Isle
(951)222-3382,Paolo Prohaska,625 Mosciski Junction
522.258.8884 x70128,Verla Corwin,419 Jacobs Parkway
102-977-9103 x5344,Germaine Greenfelder,90010 Noe Course
499.467.3446 x2251,Mr. Emmy Cronin,009 Cole Parks
1-212-376-8842,Andreanne Schneider,73126 Kling Ramp
(809)687-0528,Charlene Howell,17146 Marvin Garden
881.038.2307 x51157,Ophelia Gleichner V,6091 Ed Manor
(690)733-2189,Sean DuBuque,0024 Mueller Camp
1-788-315-9188 x05059,Marlene Witting,271 Graham Isle
616.589.7216 x339,Jayde Stanton,2317 Marlee Mews
179-635-3737,Kaylah Wehner,2471 Shields Green
369.769.0294 x227,Katharina Mills,48832 Macejkovic Village
1-703-236-9027,Lucio Stehr,63276 Wisozk Walks
(960)797-4626 x0914,Madyson Russel,3922 Maude Place
273.942.8128,Miss Shaniya Breitenberg,969 Dickinson Locks
570-415-5761 x543,Thomas Bode,8857 Watsica Crest
(216)256-0663 x347,Gwen Herzog,4051 Schultz Cliffs
(916)076-6307 x250,Kay Koelpin Sr.,663 Schaden Views
831-119-1495 x06847,Jeanette Kulas DVM,22503 Eulalia Inlet
1-506-466-6900 x8454,Kyler Hickle,02443 Greta Hills
(505)299-4753 x2620,Zora Runolfsdottir Jr.,18886 Ziemann Ville
(997)158-2043,Rahsaan Grant,523 Mann Glens
(843)746-1404,Odie Pagac,9803 Kohler Locks
1-701-284-3416 x29424,Kristofer Leffler PhD,917 Corwin View
840-754-9953 x711,Dawson Wehner,8440 Jarod Field
(759)835-4397,Boyd Stamm,94033 Clifford Gardens
061-153-2751,Dejah Hickle,3509 Jaeden Rue
609-821-3440 x230,Jairo Jast,626 Ondricka Meadows
827.262.1236,Frieda Littel,65578 Ian Motorway
452-304-9853 x70912,Tristian Walker,96747 Watsica Path
(547)373-5086 x73480,Domenico Hammes I,6362 Emard Groves
230.878.2343,Parker Hudson MD,689 Beer Village
336.622.9266 x050,Joshuah Corwin,363 Araceli Loaf
(206)244-2672,Stanley Farrell,06135 Annabell Prairie
959-103-1158 x0126,Mrs. Nellie Gerhold,75365 Herman Island
137.908.8250 x872,Elvis Feil,96611 Jared Loaf
1-829-793-9885 x3969,Cletus Guªann,8707 Marielle Throughway
(487)180-0683 x69724,Angelina Beahan,228 Vaughn Summit
792-238-6349,Keegan Dach,81155 West Groves
589.155.6400 x593,Westley Stehr,17235 Jaren Neck
(486)234-1810 x9327,Dominic Leuschke I,16226 Fahey Ridge
036-333-0102 x531,Nathanial Boehm,40962 Ratke Views
975.530.2452 x8364,Leland Hegmann,90755 Block Fort
1-333-178-3640 x262,Harry Cormier,2335 Meghan Rest
883.131.8329 x84885,Dee Gislason III,295 June Ports
395-617-0209,Maria Nicolas DVM,90822 Lueilwitz Plaza
(144)266-8359 x87739,Emmett Jerde,792 Moen Lock
1-469-001-8544 x00552,Everette Rowe,6036 Marianne Mountains
384-481-1433 x3126,Willis Purdy,6655 Cruickshank Turnpike
985.644.0454 x8257,Nikolas Armstrong,9386 Brandy Crossing
293.549.0565,Ila Kunze DDS,368 Kuvalis Field
010.047.8204,Roman Keebler,036 Lydia Place
880.643.2036 x187,Theresa Lemke,6555 Bruen Mountain
(087)278-8555,Laron Ankunding,34594 Ross Crossing
371-550-2765,Diana Sawayn,526 Gleichner Glens
(700)534-4199,Thad McGlynn,782 Durward Rapid
588-295-5631,Gerson Kulas,044 Darren Cape
1-135-690-7101 x38053,Donnell McLaughlin,408 Rosie Route
252-874-5195 x66590,Luciano Gleichner,62468 Pollich Islands
288-131-6010 x6257,Abbey Okuneva,44057 Fay Views
892-335-8687,Joseph Deckow,265 Haylie Alley
1-061-954-4433 x772,Kirsten Franecki,73321 O'Connell Route
1-498-158-8200 x504,Dillan Wolf I,427 Gunnar Lane
1-295-772-7067,Vivian Spencer,029 Weber Grove
155-335-9773,Mr. Ned Veum,83169 Walker Mission
658.210.1154,Rosamond Ebert,3192 Eleanora Loaf
(093)694-6950 x3290,Meagan Reinger,79509 Dangelo Pines
1-385-118-7719 x2021,Mrs. Mattie Parker,3761 Moen Street
1-494-914-6580 x22988,Cleora Durgan,01939 Anne Junction
982-292-8582,Jacynthe Rosenbaum,60878 Taryn Freeway
1-580-581-6349 x99657,Alysson Jaskolski,4755 Mavis Lodge
835.319.3959 x320,Ezekiel Mayert,07732 Dibbert Common
(313)561-0463 x02392,Else Pacocha,64626 Swift Plaza
1-934-158-5971,Salvador Lemke,053 Jacky Center
1-083-668-6655 x1080,Waldo Heaney,154 Clair Locks
1-746-719-0810,Kyra Connelly,0629 Dickinson Valleys
(562)641-5288 x5745,Meaghan Jacobi,4085 Adriel Lights
(945)480-4418 x700,Miss Jermaine Herzog,143 Edgardo Courts
1-544-264-8276 x74843,Name Kassulke,1157 Upton Forks
1-616-992-0189 x7124,Guillermo Kemmer,487 Rod Skyway
650-142-6168 x1742,Lauren Gusikowski,6745 Schimmel Camp
1-522-762-3010 x405,Ward Legros,0301 Declan Station
1-783-221-1110,Dr. Mauricio Carter,621 Retha Parkways
(948)819-8326,Irma Hackett,5398 Theodora Harbor
040-733-4238,Mrs. Tiffany Nicolas,101 Edison Glen
448.196.1682,Janiya Hettinger,61218 Raoul Ranch
(321)115-8458 x462,Dario Zboncak,4729 Sydnie Lights
1-501-682-3118 x97359,Dawn Halvorson IV,031 Allene Estates
423.419.4203,Cielo Gleason,12773 Candida Wall
403-310-7779 x8504,Retha West,7442 Frieda Pass
1-184-423-8080,Miss Leanna Shanahan,330 Quinton Port
(196)039-8310,Mr. Milan Crist,62800 Ernestina Place
(402)027-0931 x9183,Helmer Harvey,5658 Josefina Trail
1-430-370-7502 x08218,Karlee Satterfield,65629 Hansen Parkways
(676)868-0404 x27279,Dr. Nona McKenzie,062 Chelsey Key
217.196.3227 x6466,Wade Feeney,636 Scotty Cape
(233)607-2560 x58299,Mr. Marcella Schoen,989 Johnathon Manor
545.497.4530,Dr. Jaylin Kling,499 D'Amore Canyon
(944)946-9839 x108,Hettie Weissnat,5260 Hettinger Route
(564)487-0210,Bernie Swaniawski,694 Rath Island
884.954.7007,Malvina Weimann,7940 Zackary Isle
1-994-266-1708 x474,Jamarcus Wilkinson,20429 Murray Mall
(197)856-4135,Mr. Meda Graham,17227 Catalina Wells
1-956-386-5445,Stuart Fay,679 Karina Loaf
392-733-1899,Gage Okuneva,724 Sarina Rapid
1-010-861-0638 x02179,Natalie Berge DDS,35995 Corkery Run
(651)753-1847,Kristy Langworth V,091 Diego Squares
396-585-2723 x94711,Wilburn Rohan,53440 Morar Field
821.431.8289 x98187,Emmy Murphy,74344 Cristal Trail
(632)333-1959,Pedro Ledner,23302 King Lock
231.391.8828 x04443,Justyn Frami,251 Smitham Circles
586.793.3903 x5619,Maybelle Oberbrunner,579 Max Landing
212.225.4447 x32570,Landen Rolfson,243 McKenzie Knoll
(009)347-6809,Dessie Farrell,28996 Nyah Track
(698)730-2133 x307,Jayce Cormier,3464 Cartwright Branch
(618)038-4023 x631,Joey Anderson,984 Harris Village
1-880-757-6195,Joey Gislason,710 Alessandra Bypass
991.438.4955,Horace Mayert II,06339 Herman Extension
977.810.1149,Dessie Schumm,988 Astrid Mount
(958)071-0918,Eldora Bogan,06440 Johnathon Mall
353-231-7064 x22774,Felton Hilpert,1564 Wiegand Ways
1-954-518-8939 x114,Franz Gusikowski,36778 Wilkinson Cliff
(200)105-2098,Therese Connelly V,02530 Imogene Squares
(172)716-9376 x65116,Jerad McLaughlin Sr.,9721 Brown Prairie
592.664.3279,Mrs. Mckenna Huels,0799 Bartoletti Route
1-651-723-0105,Mose O'Hara,62036 Eldora Mill
166-495-1482,Rex Becker,730 Friesen Drive
723.778.2419,Roderick Durgan DDS,709 Johnston Plaza
852-474-7330,Alexander Steuber,383 Spencer Vista
245-122-7364 x181,Ned Conroy,47485 Elian Manors
1-320-533-4694 x3542,Neha Kemmer,1306 Harªann Vista
1-031-519-6137,Tobin Ryan Jr.,65525 Daugherty Mills
561.032.8771,Kaitlyn Wunsch,08095 Courtney Landing
1-342-118-8287,Shyanne Jacobi,043 Waters Common
690.797.3930 x6890,Romaine Kub,89950 Murazik Club
803-164-4853,Scottie Wunsch,6566 Blanca Trail
421-745-3373 x538,Ms. Sage Jewess,2839 Smith Drives
1-209-377-0831,Kaitlyn Mosciski,44076 Morissette Path
(966)638-9215,Stevie Crooks V,013 Joshuah Mountain
710-234-8615 x2235,Moriah Upton,2270 Cartwright Village
330-832-7241,Carmel Sawayn,722 Unique Stream
790.635.2071,Lafayette Conroy,98502 Howe Plain
481-812-7217 x758,Heloise Hilll,8679 Tiana Lake
1-455-163-2379 x98391,Virginia Terry,99447 Marcelo Circles
804.222.3108 x97362,Kayli Trantow,2980 McGlynn Inlet
242.376.3272 x6925,Novella Rempel,2344 Zander Manors
523-453-9392 x97459,Jarrod Leffler,8695 West Cape
428.252.5437 x60920,Steve Pacocha,1666 Aditya Road
(881)591-4843,Brycen Haley MD,840 Altenwerth Knoll
(315)861-9702 x61086,Rosendo Pagac,5965 Leopold Row
(223)300-9175,Johann Beahan,085 Missouri Locks
(405)919-8976,Lucius Conroy,86036 Schamberger Crossing
811-055-6879 x372,Ramiro Mertz DVM,786 Xzavier Wells
1-125-526-0483 x56274,Miss Vida Lind,28098 Destin Roads
838-022-8823,Hailey Terry,1179 Armani Track
(347)329-3422 x7122,Ally Rau,95936 Eveline Plaza
281.587.6491 x07214,Dr. Royal Okuneva,4552 Zachariah Radial
1-176-280-5848 x5398,Daphne Gaylord,269 Bradtke Valley
104-789-3245,Miss Jessie Jones,56387 Elsie Lakes
1-619-106-7405,Herman Thiel,0936 Block Dale
715.331.2507,Myrtle Nitzsche IV,2678 Heaven Shore
1-498-598-3945 x573,Mrs. Noelia Keeling,5185 Kenyon Coves
383-431-1834,Hermina Kreiger,3775 Feil Shoals
(253)600-0001 x9369,Paul Oberbrunner Jr.,63439 Leann Cliff
805-529-7487 x9925,Ervin Spencer,04750 Neha Mill
(564)459-6328,Jevon Wolff,173 Hanna Shore
224.475.6924 x3069,Arjun Krajcik,440 Wisozk Harbors
1-581-697-9247 x06001,Leanne Gibson I,51084 Hoyt Springs
124.812.2742 x6598,Leonor Koelpin Sr.,629 Malinda Ramp
888.306.9463 x48521,Muhammad Gleason PhD,750 Frederick Valley
1-594-001-6225,Anabelle Fadel,5867 Brianne Fields
1-739-159-5263 x4673,Bernard Cartwright,9341 Raynor Light
416-016-0419 x183,Aletha Witting PhD,767 Terry Orchard
1-985-923-9255,Luella Bins,2195 Schiller Spring
494.394.9032 x28437,Isabella West,77146 Bosco Cape
538.116.4750,Skylar Kertzmann,434 Mortimer Stravenue
800-075-9768,Werner Streich,3595 Jay Cliffs
134-657-9160 x494,Vince Stamm,95713 Zoie Points
(088)034-3196,Jeanie Leuschke,0004 Glen Flats
021-707-9855 x84181,Elmira Wuckert,5976 Kieran Road
896-365-2995,Grayce Harris,73677 Hayden Pike
1-016-647-8112 x543,Percy Herman,104 Bauch Tunnel
128.900.1568,Gilberto McDermott,61167 Odie Place
(981)232-9826,Arielle Jenkins MD,25723 Parisian Harbors
1-777-416-4875,Jade Vandervort III,5413 Maggio Locks
(692)901-3409 x372,Mr. Davin Wiegand,982 Jacobson Coves
563.889.9287 x5946,Coby Yost,68591 Garnett Station
854.135.2893 x97277,Mrs. Erik Olson,667 Michele Brook
1-647-123-2534 x508,Willis Jacobs,60904 Sylvester Parkway
398-382-7240 x5820,Sarina Connelly V,25588 Scottie Parkways
541-015-2438 x001,Nathan Leffler,05483 Carroll Roads
081-659-8364,Terence Stamm PhD,9186 O'Keefe Vista
1-296-307-8811,Alexandrea Bailey,816 Murphy Turnpike
832.626.9408,Carolyne Abbott,9850 Nicholas Springs
167-628-8737,Kenyatta Mraz,267 Weber Street
1-156-756-8082 x607,Ned Hand,4770 Altenwerth Ranch
(175)738-7949,Astrid Prosacco,59398 Satterfield Lane
(554)876-1594 x889,Mrs. Jovany Cartwright,4787 Schamberger Gateway
(200)371-7471 x7147,Holden Kilback,84323 Wiley Lane
676.644.2564,Ms. Victor Wisoky,67569 Dooley Wells
568.328.4393 x05420,Angelo Beatty,4307 Bechtelar Overpass
(118)439-6739,Tavares Ryan,4912 Mathias Ports
539.839.8954 x26943,Hertha Parisian,07673 Kuhlman Lock
757-707-6206 x53984,Mr. Humberto Gibson,939 Runolfsdottir Fall
(229)999-3776 x8996,Miss Mable Windler,5512 Morris Circles
006.218.1371 x27310,Mrs. Wilbert Farrell,63055 Ewald Landing
1-463-906-3008 x95767,Jettie Fadel,28985 Cronin Shores
463-685-1456,Lonny Emmerich,15705 Berta Locks
678-042-5414,Emiliano Vandervort,2493 Ernest Motorway
689-590-1394 x3867,Merlin Beahan,492 Kaylie Tunnel
1-792-738-2278,Ressie Wuckert,90948 Hanna Forge
808.963.5882,Mossie Toy,29311 Sibyl Hill
(848)023-1703 x6489,Brandy Lowe,725 Purdy Ville
1-087-601-0142,Laurianne Mohr,485 Purdy Meadow
1-618-034-3515,Delmer Sauer II,4512 Beahan Via
274.910.5283 x8977,Mr. Jamil Baumbach,83754 Kilback Turnpike
(939)633-5131 x63255,Adelle Kozey,5986 Celine Island
930.797.3712,Allie Schuster,7191 Daniel Courts
1-623-323-8761,Jayde Bashirian,759 Dare Pike
1-564-329-8385 x9071,Mavis Crona,3628 Bill Ford
(015)035-7833 x755,Aleen Carroll,554 Will Forges
1-727-956-8233,Ms. Vance Beatty,289 Boyer Groves
1-527-476-7213 x22077,Jayson Lesch,68498 Swift Mill
(252)127-2224,Jocelyn Gleichner,26334 Fausto Mall
013.569.6809 x26886,London Stiedemann II,77728 Barrows Fall
(945)247-4996 x7890,Emilie Ritchie Sr.,06776 Dawson Point
(691)400-1793,Jaclyn Johnson,47378 King Lakes
364.472.3788,Lila Pfannerstill,3233 Jaydon Isle
633.114.2651,Maria Yundt,587 Legros Isle
244-678-5124 x415,Alan Gleason,85720 Lea Row
(848)943-6331,Hope Robel,43340 Olga Walk
544-535-3182 x1530,Everett Reinger,991 Wilber Islands
(867)529-9572 x6666,Hailie Nader,62735 Johnston Corners
500.106.4041 x7008,Dr. Jaleel Miller,55170 Henri Park
(452)858-8890 x74232,Orville Schmeler,321 Marley Ways
178.237.1505 x419,Georgianna Bauch,051 Manuela Shoal
360-108-9031,Dr. Will Pfannerstill,07050 Imelda Heights
908.494.0134 x8085,Lizeth Frami,095 Eliane Path
485-566-1888 x69508,Mazie Raynor,5952 Conroy Gateway
757.639.3732 x65225,Mr. Darrick Gerhold,651 Rodrigo Gateway
132-482-9059 x1845,Stanton Tillman,947 Zieme Mall
143-903-9102 x88790,Tyrique DuBuque,33087 Genoveva Trafficway
053-505-2001,Shawn Crona,363 Hoeger Forest
878-418-3433,Linnea Jakubowski,689 Aiden Tunnel
314.303.5439,Ms. Carleton Johnson,1430 Naomie Light
933-810-1802 x1762,Devon Smith,439 Yvonne Burgs
1-357-207-1626,Rickey Hansen,701 Elizabeth Greens
1-740-603-8954 x9025,Roger Carroll,92023 Schowalter Mission
762.469.7152 x164,Paige Kohler,3611 Lexie Lodge
601-760-6466,Keegan Stracke,699 Oberbrunner Estate
(032)214-0324,Marian Auer,85501 Hyatt Fort
697.639.7436 x1118,Eleanore Carroll,84460 Witting Rapid
1-240-416-0315 x78193,Thomas Kautzer,518 Santina Trace
1-088-863-7402,Laury Robel,540 Emard Locks
398-166-5676,Dr. Chauncey Daniel,464 Lina Rue
(464)603-9212 x3438,Javier Hand,950 Veronica Crossing
146.840.8538 x4445,Gisselle Carroll,838 Dach Lane
899.408.0667,Isidro Langworth DVM,218 Bruen Grove
1-944-851-3158 x13065,Verda Barton,179 Elna Overpass
(598)454-0400,Demetris Becker,6001 Ferry Crest
(195)380-7724 x83258,Alene Bayer DDS,6295 D'Amore Springs
998-074-8052 x904,Laila Sipes,39710 Vernie Freeway
1-108-330-4697 x4097,Reuben Murray,982 Larkin Row
1-256-086-2337,Stevie Kilback,40764 Timmothy Path
923.370.1553 x018,Anastacio Jacobi,701 Vernon Cliff
1-253-978-8746,Albina Ullrich,47326 Ambrose Stravenue
549-984-1605,Luigi Franecki,8172 Wilderman Coves
1-856-590-3420,Maryam Cartwright,5510 Maia Turnpike
658.254.9448 x09086,Else Moen,8451 Domenica Glens
201-514-8231,Aiyana Champlin Sr.,460 Ward Points
(035)167-9596 x00033,Vaughn Brown,71106 Mabelle Ramp
(376)124-0958,Geovany Barrows IV,26316 Yasmine Greens
1-476-964-7220 x60264,Mr. Clint Nolan,818 Nienow Square
(220)263-9520 x2818,Catherine Stehr,16586 Berge Extension
284.462.5289,Jakayla Boehm,67882 Walsh Drive
398.280.5705 x669,Amani Kulas,78222 Cassin Haven
1-877-371-1998,Cedrick Homenick Sr.,4661 Gutkowski Estates
768-350-5908,Winfield Leuschke III,5232 Rosenbaum Gateway
1-126-978-2273 x433,Karelle Medhurst,60758 Fay Glen
1-068-523-2547 x46081,Sandy Morissette,5330 Stracke Drive
1-125-229-5590 x1245,Alana Franecki,48759 Kovacek 
204-117-2716 x5769,Mrs. Trenton Rice,03548 Murphy Centers
983-009-8666,Jean Metz,272 Effertz Ramp
367.260.3932 x668,Melody Schaden,4168 Kris Inlet
1-318-504-5054 x8322,Cristina Mitchell,6670 Paucek Parkway
731-291-7016,Mrs. Isabelle Bailey,0235 Doris Mission
1-200-886-4333 x08195,Ms. Tre Quitzon,2941 Sipes Overpass
051-832-0402 x283,Ike Farrell,7449 Jerrell Rapid
(040)867-6805 x52045,Coralie Spencer II,9585 Reid Centers
757.848.3444 x90238,Ms. Bette Fritsch,606 Frederique Passage
(053)901-2792 x355,Liam Corkery,456 Kelvin Terrace
(409)739-2289 x86839,Casper Lebsack DVM,87771 Mraz Creek
(990)684-5814,Kay Senger Jr.,330 Kris Village
331-728-3328 x6863,Stefanie Metz,736 Darron Passage
(575)368-2357,Arnold Gutkowski,1659 Durgan Flat
188.971.4720,Queen Prosacco,023 Wuckert Parkway
1-549-396-0602,Deangelo Hayes,53524 Devante Plaza
724.295.8621 x54855,Kaya Dare,969 Kianna Islands
607-460-3301,Savannah Stokes,22579 Enid Lights
(810)735-7824 x379,Enid Dooley V,21306 Orval Corner
883-885-5840,Dylan Roberts,0671 Kautzer Ridges
1-980-255-9600,Edyth Predovic,54824 Cindy Glens
402-847-2461,Aidan McGlynn,2846 Deja Parkway
886.003.7910,Aditya Swaniawski,6434 Pacocha Crossroad
941-625-5980 x212,Dorthy Purdy,101 Mayer Street
(337)844-4179,Grayson Daugherty,60200 Schuppe Islands
(498)446-1958 x2248,Kadin Altenwerth,7468 Graham Burg
(932)690-6856 x2477,Virginia Romaguera,1024 Dixie Bridge
182-977-0946,Santos Kilback,2413 Fritsch Forest
1-461-563-3586 x696,Maurine Runte,122 Dickens Expressway
688-380-8645 x4291,Jazlyn Schuster,35862 Wunsch Extensions
(201)520-6479 x1761,Moriah Simonis,2146 Luciano Plain
597.614.7422,Bridget Auer,08592 Sheila Oval
759.089.5860,Paxton Hoppe V,014 Jacobs Rapids
(873)113-0819,Willie Stoltenberg,5870 Dayne Expressway
563.626.2299,Graciela Bergnaum,65733 Amiya Glen
228.996.2460 x09483,Kelly Lindgren,1091 Vernie Skyway
(572)930-1419 x803,John Lakin I,773 Luettgen Trail
1-025-062-7724 x690,Devyn Harªann,0900 Pagac Park
722-590-0809 x32313,Valentina Rice,46782 Casper Road
607.285.8752,Nestor Schowalter,9343 Nathanael Trafficway
(942)715-4290,Benton Carroll Jr.,666 Kihn Rapid
428-820-5081,Alayna Towne,999 Donald Prairie
682-509-6651,Bret Reinger Jr.,7908 Mohr Plaza
005.158.5862,Dr. Aileen Rath,714 Juana Plain
1-446-817-7529,Jovany Marquardt,18815 Runolfsson Motorway
1-193-812-1675 x2085,Elody Reinger,105 Bednar Extensions
(696)405-3154 x24012,Lorena Stoltenberg,3654 Johns Inlet
(818)683-5617 x9715,Christa Turner,8777 Bergnaum Lodge
715-117-0149,Hailey Fahey,738 Shaina Trafficway
(262)235-1994,Larry Balistreri,83214 Treutel Haven
084-392-6311 x46090,Sibyl Renner,6613 Cedrick Islands
434-247-4638,Devin Corkery,12192 Macejkovic Pike
757-508-0183 x7113,Grady Stracke,649 Ona Ways
(761)102-7397 x29696,Napoleon Hahn,6754 Mayer Radial
1-427-809-0756,Jacquelyn Reynolds,574 Lonnie Tunnel
593.070.6835 x11770,Catalina Flatley,7071 Kertzmann Walk
(337)402-4314 x3296,Mr. Mireya Hirthe,262 Zola Locks
823.824.4482 x4612,Patrick Becker,77551 McDermott Trafficway
(079)672-3721 x4424,Deshawn McDermott,570 Aryanna Mills
985-433-9112 x785,Shane Collins,25514 Aisha Lane
1-276-710-5032 x200,Myrtice Schulist,519 Adelle Fork
842.299.4259 x8950,Manuela Renner,761 Dach Rapid
1-029-596-3580 x54111,Joanne Sauer,92459 Name Trail
241-746-5169 x3585,Leopoldo Becker,375 Genevieve Stravenue
927.241.5499 x5964,Tate Gerhold,28887 Sandra Shoals
256.827.0005,Miss Jerrod Corkery,913 Kreiger Flats
(742)273-8907 x0780,Ms. Stuart Littel,628 Roberts Cliff
702.107.9025,Dr. Marjory Rodriguez,3253 Marlee Street
1-714-269-3387 x65462,Mr. Hobart Erdman,1085 Audreanne Lane
1-076-744-9168 x6076,Joelle O'Connell,18278 Charlene Bypass
694-042-7978 x5214,Dr. Selina Schoen,34586 Beaulah Land
1-369-234-8901,Jewel Schroeder,6516 Kimberly Ridges
890.338.9876 x9659,Don Lindgren,792 Larson Wells
641-859-8813 x74305,Nikolas McKenzie,6783 Raegan Plaza
1-821-493-8170 x4721,Delfina Rempel,157 Hudson Rest
068.494.5832 x3629,Kiara Gusikowski,02471 Efrain Field
814-332-5346 x961,Felipe Monahan V,0977 Jacobson Way
444-048-1802 x413,Aleen Corkery,951 Gutkowski Islands
(022)470-1821 x4000,Jude Schoen,31344 Hoeger Locks
(748)294-2282 x3461,Anika Doyle,48774 Stroman Glen
581-865-5665,Lorenz Johnston,0533 Dorris Camp
1-703-651-3541 x5958,Miss Favian Marks,7325 Schumm Curve
(623)622-5256 x400,Eunice Thompson,1917 Feeney Dam
440-269-9955,Marie Gerlach,77035 Pietro Underpass
(894)378-1211,Dr. Samir Cremin,487 Rohan Spur
093.374.3710,Marcia D'Amore DDS,6602 Adonis Plaza
1-504-295-0886 x196,Erich Auer IV,7774 Kessler Shoals
726-774-0098,Jorge Armstrong,77555 Madelyn Via
(161)841-5667 x861,Fausto Kreiger,7547 Walker Islands
187-303-3926 x62780,Queen Beatty,04816 Volkman Rest
(038)716-2822 x9926,Julien Abernathy,73262 Cartwright Path
(066)045-5723 x71454,Ali Sporer,549 Bartoletti Crossing
080-190-3406,Kelli Kirlin,6173 Dan Center
013-219-2242 x2185,Nya Zboncak DVM,6514 Wintheiser Islands
785-443-0385 x0063,Mrs. Arely Cartwright,48660 Bayer Station
724.709.6087 x21632,Mae Pfannerstill,21408 Jacobi Curve
(442)905-4484 x75390,Archibald Heidenreich,1322 Modesto Grove
1-892-309-2686 x11762,Ivy Schultz,03649 Klocko Burg
(875)994-7947 x0050,Karelle Towne,433 Genesis Wall
1-155-490-3211 x9789,Pauline Dickinson,630 Nick Inlet
542-920-4798 x085,Bessie Adams,15259 Kozey Extension
465.455.8724 x95843,Tara Powlowski,091 Haley Coves
646.393.2275,Mrs. Grover Bradtke,61474 Eryn Point
745-981-3766,Luigi Shanahan,453 Myrtie Station
428-669-6817,Celestino Witting,44043 Cordelia Keys
757-775-4088 x7405,Gunner Bosco,62294 Mollie Mission
1-738-164-8856,Mariana Harªann,05383 Donnelly Villages
972-378-7713,Arlene Ritchie,0505 Ova Roads
890.704.2170 x58082,Domenic Runolfsdottir,61986 Finn Meadow
445-869-0882,Nichole Hayes,997 Rowan Park
893.868.9873 x290,Vern Graham,68692 Margaretta Track
787.704.2077,Christelle Ebert,6289 Colleen Spring
(613)994-1664,Freeman Klocko Sr.,5685 Kub Park
579-478-3775 x75646,Luis Mueller,3673 McClure Stream
1-568-376-9753 x195,Kris Green,10781 Rohan Place
258-193-0117,April Von,655 Van Alley
872-862-2458,Keyshawn Runte,2339 Elinor Dam
1-500-752-8328,Buck Towne,9050 Nikolaus Via
628-363-0990 x14716,Mackenzie Bogisich,7983 Maybell Trail
430-466-0893 x6040,Betty Predovic,867 Cletus Street
(099)891-9239 x16846,Sibyl Dickens,106 Mireille Mount
062.705.7302 x729,Heloise Langosh,60540 Breitenberg Keys
521-208-7669,Effie Morar,127 Efrain Trail
277-855-8563,Edwin Hoeger,84578 Feil Village
(465)785-8896,Hugh Berge,4654 Kiara Stravenue
724-206-7989,Lorenza Adams Sr.,2080 Hauck Falls
1-687-151-5473 x9965,Aglae Wolf,864 Terry Cove
(358)369-4355 x44973,Frankie Ruecker,7188 Dana Extension
1-663-174-9112 x0206,Arden Hoeger,699 Gislason Crest
895-188-3525 x146,Mr. Hassan Purdy,90768 Amy Divide
567.444.7657,Coby Howell,5142 Jerde Shore
(199)320-7647 x8031,Abner Lemke,57005 Boyer Throughway
472-275-8871 x00966,Ettie Boehm,1432 Owen Landing
853-796-9729,Ignatius Weber,196 Ferry Harbors
866-658-9169 x873,Richmond Lind,9030 Hammes Road
581-294-4039,Nikolas Jenkins,3589 Ward Estate
260-964-3052,Florine Abbott,86642 Consuelo Well
031.746.6605,Bonnie Anderson,849 Mosciski Course
(865)329-0468,Miss Amara Feeney,665 Blanda Forks
(264)060-2634,Jed Weissnat,868 Ethelyn Dam
259-701-0188 x273,Muriel Conroy,687 Witting Extensions
598.525.2139,Ruth Carroll,26877 Olaf Springs
213-176-8365 x4709,Marc Considine V,15541 Douglas Land
871-847-0705 x388,Celestino Gleason,572 Tamara Walk
408.495.0752,Travon Bednar,944 Kozey Ways
1-998-156-7511,Arlie Lubowitz,993 Rodrick Landing
457.138.9839 x7830,Mr. Augustus Prohaska,4189 Schmeler Hollow
1-609-930-6732,Amos Crooks,70301 Schulist Stravenue
005-398-2700 x85495,Alvis Hand,31386 Nolan Causeway
(350)903-9374 x24393,Brenden Sporer,526 Mabelle Pass
(695)731-9246,Gia Schamberger,6942 Maggio Fords
1-398-455-1199,Johann Murphy,3755 Christiansen Garden
(209)159-1370 x4646,Clotilde Yundt,3750 Padberg Creek
1-090-761-4306 x0952,Syble Dickens,7466 Anita Trafficway
(750)616-3497,Larue Altenwerth,7345 Hyatt Skyway
859-758-0779 x640,Mable Nitzsche,0893 Beatty Crossing
060-966-8269 x283,Dr. Nina Volkman,799 Aimee Club
330-038-4743 x324,Hildegard Rolfson,3961 Celine Station
1-471-390-1403 x62764,Lucius Borer,420 Corbin Prairie
718-448-2748,Natasha Kuhn,124 Bernard Shore
614-404-0398 x55240,Eino Kris,7854 Walter Stravenue
264.122.0481,Dianna Batz PhD,739 Kohler Fall
806.724.8268,Miss Immanuel Pouros,195 Earlene Turnpike
388-748-5270,Agustina Lynch IV,3600 Korbin Trail
932.896.0925 x771,Jeffery Reinger,7774 Golden Park
(169)573-1265,Gennaro Towne,3634 Langworth Inlet
520-262-4021,Darrell Stroman IV,899 Hillard Street
563.151.8435 x600,Darius Hickle,2792 Dickinson Mews
1-477-593-4533,Odell Bernier,17904 Braden Viaduct
(368)549-7725 x742,Deshawn Brakus,875 Prosacco Road
1-403-746-3079,Maurine Armstrong DVM,5514 Gage Trafficway
(866)833-0721 x7997,Janelle Cole,405 Mustafa Junction
(704)555-2415,Mrs. Hector Hane,496 Roob Square
(670)455-0374 x10769,Deon Muller,0073 Lexus Shores
484.089.3717 x4239,Elmo Pfannerstill,482 Schimmel Locks
1-833-917-6757 x600,Alexandrea VonRueden,7211 Halvorson Wall
1-572-981-9363,Alden Jewess,43714 Wilkinson Overpass
(035)123-2515,Yasmine VonRueden,4477 Ayana Views
274-102-1098 x05654,Ms. Alta Baumbach,76591 Schmeler Stravenue
1-042-142-6995 x188,Emmanuel Berge,788 Altenwerth Extensions
1-614-748-7911,Jonatan Smitham,6763 Esta Shoals
(967)508-7092 x8732,Colten Sanford,598 Lang Estates
1-738-065-9536,Raymond Daugherty,50230 Manuel Unions
1-723-853-8198,Myrtie Towne,3985 Jamison Summit
(275)501-4193 x8283,Gretchen Gutkowski,95883 Torp Vista
(292)064-8811 x5031,Ila Harris,32631 Johnston Courts
801-291-4040 x853,Dr. Virginia Mosciski,97112 Brionna Ports
923.454.7168,Kenya Prosacco,3382 Homenick Expressway
1-699-316-6388 x8290,Michaela Johnston,268 Moen Freeway
207-247-5552,Americo Hermiston II,323 Susana Ranch
(189)733-6184,Mikayla Yost,111 Swaniawski Parkway
193.876.3434 x828,Jany Morissette,79638 Klein Path
848.655.3965,Baron Stamm,974 Glennie Plains
918-237-9778 x21956,Garry Bahringer,5711 Lucius Rapid
722.762.3030 x498,Anya Rosenbaum,812 Ebert Lodge
1-918-634-6322,Irving Gerhold,54894 Talia Courts
517-884-7939,Mrs. Bernita Quitzon,2021 Weber Drive
1-138-694-2466,Stella Dach,76556 Williamson Drive
1-719-420-8673 x690,Merritt Romaguera,976 Harris Rest
1-454-495-3875,Samir Hilpert,9793 Wiegand Street
599-368-6136 x724,Savanah Jerde,664 Aisha Garden
1-565-102-1706,Karelle Witting,96720 Ava Loaf
267-492-6293 x557,Wyman Langworth,21522 Nasir Ways
1-235-880-7447 x6566,Anissa Collins,09228 Fadel Isle
1-522-252-8339,Jeramy Hand,39637 Gaetano Spring
999-014-4212 x9681,Reymundo Prosacco,78772 Deontae Shoals
944-422-3080,Shemar Kling,522 Henderson Wall
(959)911-8871 x564,Julius Deckow,61523 Stroman Trail
1-401-512-5682,Efrain Raynor,782 Terry Knolls
988-467-4953,Mose Gusikowski,0878 Alycia Plains
(763)904-6511 x13629,Brooklyn Smith,71287 Russel Station
(018)909-5801,Orville Macejkovic,070 Funk Corner
1-238-269-3426 x163,Avis Pollich,1691 Medhurst Mews
(237)802-1599 x7277,Meredith Schneider,8869 Cassandre 
(382)967-4940 x7571,Callie Witting,06179 Beer Ways
1-158-336-9508,Meagan Zboncak,940 Gaylord Divide
1-264-634-6426,Zachary Mann,37176 Chauncey Road
882-874-8708 x914,Emmalee Hickle,77388 Rhianna Walk
435-138-1246 x58191,Ms. Cicero Ratke,26143 Sean Ville
1-695-904-0334,Jalen Hand,24454 Mike Streets
(316)396-5170 x6889,Trace Sawayn,38614 Nannie Square
751-508-2304,Pinkie Schamberger,535 Leonie Ports
(088)859-2734,Johanna Halvorson,201 Grady Motorway
1-163-169-0990,Elliott Pollich DVM,5554 Roosevelt Road
(183)227-9202,Cristina Thompson,305 Ashton Inlet
298.558.0519 x041,Janelle Lind,54425 Renner Coves
330-313-8365,Mrs. Felton Klein,5562 Nader Tunnel
589-836-9193 x3295,Betsy Gerhold,71264 Mosciski Lights
055.339.3343,Ms. Lesly Nikolaus,08545 Little Roads
(575)291-4186 x7974,Kaylee Kris,07099 Alejandra Falls
1-057-956-8821,Callie Jacobs,01765 Auer Courts
872.128.6831 x3205,Tiara Romaguera DVM,9934 Mack Ferry
875-733-0525 x825,Nikki Weissnat,3386 Chelsie Junctions
(041)950-1604,Dr. Eusebio Kertzmann,55896 Nyah Dam
420.940.2548 x10845,Ms. Myra Hagenes,25321 Shawna Branch
343-104-2899,Raheem Frami,32850 Kunde Row
1-839-948-0567 x2445,Dr. Seamus Abernathy,842 Roselyn Motorway
137-564-5798 x41138,Anais O'Connell,206 Dario Point
(777)353-2091 x23489,Mr. Milford Wisoky,88290 Geoffrey Streets
(427)648-6533,Lewis Volkman,505 Celestino Extensions
1-506-547-4376,Guadalupe Gusikowski,13062 Zieme Canyon
1-384-997-9497 x2822,Dr. Tanya Kertzmann,9791 Beer Drive
1-304-551-1019 x6475,Aylin Crooks,607 Malika Road
410-988-7967 x2226,Name Mills,0807 Peyton Brook
1-112-753-9524,Donald Brown,9189 Carmela Extensions
140.550.0156 x885,Thad Lemke V,2514 Bruce Loop
1-768-206-8925 x4103,Shanelle Walter,153 Marcella Plains
(520)284-2377 x0839,Oral Bechtelar,67806 Katrine Center
(565)641-5775 x95896,Anissa Weimann,920 Larkin Ways
346-021-7600 x111,King Runte,6635 Clemmie Hills
1-141-282-9245,Hank Rau,43609 Armani Inlet
(460)232-4911 x460,Katharina Carter,722 Erna Island
848-128-4633 x0852,Price Fay,2699 Reinger Route
591-408-9351 x40946,Liliane Kozey,10297 Parker Knoll
1-672-656-3163 x468,Kristin Mayert DVM,002 Grimes Forge
1-582-583-8107 x5048,Carlotta Grady,85647 Maggio Plaza
183-044-3301 x79493,Desiree Ebert,97920 Wisozk Route
379.963.9591,Karianne Rippin,69419 Nicolette Tunnel
(425)589-0802,Judge Lockman,9652 Crist Plains
174.470.4609,Berenice Wolff,667 Faustino Glens
283.851.8565,Dr. Dana Ferry,79653 Demetris Landing
441.419.0903 x1147,Deborah Sanford,26677 Russel Crossroad
1-593-254-5831 x3764,Anthony Thompson,3926 Nolan Bridge
1-007-486-6570,Russell Cole DDS,735 Olga Field
1-002-521-3068 x87362,Lurline Beatty,403 Marcia Stream
377.094.6805 x802,Gabe Ebert Sr.,713 Altenwerth Vista
345.609.1228 x98576,Ashley Pfannerstill,30420 Janis Circles
354.489.6929 x65269,Luella Mills,03252 Monroe Tunnel
1-174-239-4649,Pansy Mohr,9337 Walker Radial
599-720-3775 x650,Helene Kuhn,5181 Abagail Drives
(290)972-4149 x1707,Name Schaden,70135 Michelle Square
721-846-5415 x02679,Alanis Greenfelder,3441 Weber Common
1-728-917-8068 x451,Kareem Walsh,374 Gibson Rapid
755.535.6825,Alexandre Altenwerth,24612 Windler Passage
(758)102-9868,Terry Deckow,670 Buster Valleys
006-771-0727 x8842,Dr. Alexandre Rohan,5369 West Vista
1-789-003-9010,Brooks Dooley,96672 Sammie Rapid
(727)491-7053 x89378,Meagan Brakus IV,8452 Ezequiel Crossing
070.091.7888 x77999,Gunnar Hilll,008 Guy Prairie
1-785-058-2635,Cloyd Leuschke,0397 Macejkovic Mill
1-770-972-0047,Leta Wyman,1249 Johnson Manor
917-838-1693 x45271,Tracey Denesik IV,030 Allan Rue
(557)504-3580 x0903,Gerry Wilderman Jr.,55256 Kshlerin Crossing
1-158-673-7213,Conrad Kertzmann,5037 Jazmyn Meadows
(097)048-9644,Vida Halvorson,13293 Adams Stream
1-941-964-1362,Cortez Rogahn,64533 Sanford Forest
1-338-683-5198,Zul McDermott,33800 Bogan Creek
051.651.7794 x26535,Ms. Allen Mayert,41645 Flatley Pass
1-830-706-3318,Nadia Pouros,4695 Janie Place
(956)100-2701 x3246,Sofia Torp,4945 Smith Wells
(859)877-9813,Lane Huels,25875 Maya Well
(992)239-7064,Torey Labadie,4794 Aliza Key
865-565-6157 x7045,Erich Kautzer,7489 Cassin River
(644)391-3537 x0295,Berry Koch,6334 Gleason Village
1-607-138-8645,Miss Heber Howell,04739 Ludie Pass
1-874-491-6494,Major Lemke,9679 Dovie Divide
612.509.6338,Alysson Cummings,26444 Price Brook
044.928.4290 x4006,Janie Predovic,312 Maymie Drive
754-194-0555,Mr. Ramiro Hermann,2944 Kiehn Fall
265-371-3626,Delfina Littel,10245 Hansen Fall
1-196-655-5398,Ari Effertz,1835 Kassandra Mountains
116.014.1952 x242,Roger Wiegand,33138 Verona Road
(530)436-8192 x5480,Marlene Brakus,602 Mante Pines
384.895.1552 x02317,Raina Wolf,90321 Treutel Ports
(634)039-4616 x8509,Tess Larson,23849 Osinski Lights
544.471.8243 x302,Quentin Ward,3657 Maximillia Center
1-341-211-2771,Briana Reichel,16311 Neva Walks
(721)142-7216,Mr. Maybelle Grant,2462 Ima Freeway
594.385.8017 x0654,Dr. Treva Bartoletti,17323 Walter Branch
827-184-0200,Brook Kris,590 Howe Way
(389)732-4304 x603,Eva Macejkovic,9264 Schroeder Flats
1-165-747-8606,Beulah McDermott,16762 Nicolas Parkways
559-145-6618,Lora Quigley,89227 Chase Canyon
655-612-3378,Axel O'Hara Sr.,3270 Germaine Point
1-705-811-9823 x77742,Raegan Torp,688 Schuppe Field
321.149.8021 x087,Christophe Walsh,41456 Josie Gateway
128-887-0433 x0741,Emory Braun,788 Haskell Terrace
1-817-788-6096,Itzel Collins III,229 Mills Village
966-438-1092 x4631,Mrs. Dylan Leannon,0029 Amiya Rue
1-827-296-3636,Dr. Devonte Abshire,8412 Reynold Drives
(998)002-8889 x146,Dr. Deshawn Gerhold,98193 McGlynn Motorway
1-371-525-1834,Ms. Valentin Volkman,74289 Beahan Circles
(079)558-3229 x2590,Kameron Boyer,74249 Lavina Mill
856-597-6530 x58043,Dr. Josefina Lakin,818 Schuppe Shoal
946-019-8993 x999,Kelvin Lockman,307 Jast Turnpike
264-342-4837 x193,Ms. Thaddeus Kutch,5393 Judah Inlet
1-603-298-7459 x49630,Lue Raynor,3248 Turcotte Hollow
564-371-5995 x244,Lisa Klein,855 Heller Villages
(672)342-2856 x8471,Madge Simonis,57618 Cronin Falls
(600)718-1479,Fabiola West,7524 Nolan 
919-838-1623 x881,May Barrows,915 Bailey Points
197-270-3930,Carlotta Goodwin,723 Botsford Meadow
055.704.2984 x19904,Candelario Goyette,41130 Camila Freeway
(868)535-1400 x2178,Niko Schinner,27879 Wisozk Cape
829-278-1444 x17709,Victoria Doyle,48628 Margret Street
032.938.0758 x24310,Neoma Gulgowski,246 Hermann Point
788-758-4671,Leonora Zemlak,97247 Turner Tunnel
(904)542-8140 x83715,Paxton Keeling,3745 Willard Meadow
(172)325-5860 x828,Dr. Bridgette Gaylord,689 Kreiger Village
(791)991-0671,Ms. Jedediah Emmerich,477 Bosco Stravenue
(275)958-8548,Addison Halvorson Jr.,409 Curt Brooks
880.365.4785 x6037,Alfreda Robel Jr.,6198 Schimmel Fields
1-029-113-7771 x8555,Mr. Terrell Corwin,592 Reinger Station
900-452-7480,Ms. Letitia Heidenreich,2266 Donnie Trace
(190)420-7825 x73915,Brenden Nolan,37512 Deckow Summit
(380)793-6323,Daphne Brekke,4358 Denis Trace
1-204-962-7820 x5484,Adonis Ledner,593 Ned Mall
(168)580-8169 x67518,Estel Bartell,25545 Lowe Manors
(133)515-3036 x01445,Dion Rolfson,00009 Rowe Station
1-928-288-7804,Dedrick Altenwerth,80035 Parker Isle
1-075-300-7288,Ambrose Effertz,309 Murray Ridges
(592)135-4963,Valerie Schumm,331 Wiegand Gardens
558-503-2495,Bobbie Jacobs,341 Keeling Tunnel
(420)601-6028 x394,Logan Koepp,41079 Bednar Parkway
1-792-579-7921,Bobby Carroll,019 Fay Avenue
282.139.4615 x6996,Reece Smitham,9675 Mabelle Plaza
221.178.1979,Stanton Keebler,3194 Schimmel Manor
172-153-5461,Shanel Hessel,362 Ziemann Common
1-060-924-8299 x217,Sarah Dibbert,50571 Ceasar Stravenue
671.393.9335 x918,Malachi Littel,398 Towne Plaza
800-058-0929 x4474,Elissa Jacobson,129 Swift Route
(769)572-5784,Maymie McKenzie,07798 Beer Lake
1-073-907-7189 x04964,Mrs. Ressie Huels,39718 Eldred Junction
(007)656-7581 x680,Mckayla Lind,18834 Gleason Bypass
(215)063-4896 x946,Tremayne Armstrong,3829 Abernathy Coves
1-181-930-2117 x0949,Roxane Moore PhD,6803 Padberg Drive
018-477-5741 x2842,Mr. Perry Considine,44577 Wilfrid Field
(575)020-4701 x202,Wilfrid Lockman,3373 Marcelina Corners
(161)450-1775,Kaylin Bernhard I,3563 Golda Shoal
1-621-903-1247 x57913,Valentina Becker,758 Block Pine
1-316-380-0833 x027,Chasity Heidenreich,311 Glover Groves
822.637.8961 x90023,Darien Donnelly,54875 Bartell Mission
1-972-818-0592 x971,Myrtie Wolff,71813 Jessika Keys
1-441-301-9625,Dr. Lulu O'Hara,8215 Huels Knolls
(120)975-8445,Yessenia Lebsack,269 McGlynn Vista
815.880.1560 x46185,Aubrey Spinka,7943 Cali Lodge
1-685-224-2582 x913,Wilford D'Amore,13932 Carole Road
980-128-6175,Margot Lindgren,75180 Bergstrom Place
1-419-921-8140 x006,Iliana Stracke DVM,3457 Elmer Row
(362)274-0224,Mrs. Joelle Hilpert,134 Kristoffer Light
967-267-5051,Jess Dickinson,58126 Macey Vista
382-147-7164,Heaven Dach,8530 Osinski Islands
(189)805-3899 x859,Melvin Mohr,730 Judy Track
(214)637-7368 x849,Kale Sporer,053 Lukas Ways
1-542-272-1040,Timothy Macejkovic,559 Monahan Turnpike
311.869.9094 x7917,Yvette Harber,8953 Lindgren Ridges
(571)718-6223,Scot Smitham,4039 Mateo Summit
580.486.7245 x121,Christian Bashirian,18439 Schimmel Forest
1-546-810-2553 x971,Mr. Miguel Fahey,40425 Christa Greens
1-425-588-3896 x02232,Adrian Huels,257 Ankunding Inlet
(722)638-7748,Leann Gerlach,22133 Antonietta Points
826-015-5657 x46345,Glenda Stroman MD,485 McClure Creek
493-307-9148 x605,Mr. Oliver Rowe,80239 Orn Cliff
603-874-9870,Emerson Huel,749 Kilback Passage
1-732-639-4024 x7643,Grant Weber,09355 Beier Well
077-562-4422 x4864,Dayne Kilback,1221 Moen Ramp
1-131-775-2073 x01996,Tristian Yost,115 Anita Village
405.223.9220 x647,Kyle Kerluke,21421 Antonietta Tunnel
122-700-8570,Woodrow Kuhic,835 Jewess Forks
063.124.2430,Joan Hansen PhD,55917 Bernard Path
148-620-5127,Hester Larson V,484 Hamill Dam
794.502.2279,Joesph Reichert,9157 Kihn Lodge
1-022-420-3632,Buford Von,95502 Alyson Dale
1-213-636-2332,Mrs. Sylvan Effertz,12653 Halie Mountains
244.631.2892,Terence Schoen,2150 Kristopher Ports
1-964-388-7024 x822,Maxime Corkery,015 Fermin Crest
1-738-197-7065,Maximo McClure,631 Hauck Roads
1-604-483-0174 x6705,Dr. Kacie Koch,860 Bechtelar Rest
405.159.7147,Emilie Schulist,150 Shanna Hollow
171-866-7697,Fred Morar,429 Roob Forest
993.729.0517 x5655,Nikki O'Hara II,54071 Sharon Ville
1-820-489-4755,Danyka Roberts,188 Ferne Parks
(433)344-5999,Nasir Schneider,854 Beer Haven
104.362.4679 x7065,Zoila Ratke,23613 Kitty Walk
780-652-4900 x32383,Omer Raynor,5444 Schmeler Land
561.587.6754,Mayra Strosin,25369 Stanford Village
(684)326-0305 x36670,Tevin Auer,0433 Bailee Dam
046.568.3467,Philip Rath,2977 Wintheiser Shore
486-308-6083,Alivia Littel,795 Burdette Islands
179-881-1119 x681,Anjali Hintz,7247 Dell Track
1-051-858-5188,Lonzo Tillman,575 Dixie Ports
1-508-830-9579,Elizabeth Beahan,90820 Ronny Expressway
(299)081-1065 x09137,Mabel Fahey,63550 Torphy Flat
1-555-098-2587 x39381,Stanton Hirthe,12387 Wilmer Canyon
(813)257-4427,Herbert Dach,1501 Mazie Dam
1-484-483-9680 x772,Raleigh Kerluke,863 Lorna Stravenue
(672)493-0740,Leanna Huel,243 Ernie Plaza
859-761-8124,Maxie Wintheiser,8684 Gillian Lodge
519.021.0766,Rebekah Schuppe,4317 Kendall Estate
(586)212-7400 x1647,Mr. Grant Parker,33417 Marianne Haven
953-749-8196 x6249,Blair O'Keefe,5614 Presley Keys
746.669.9012 x9796,Mr. Meggie Herzog,157 Daniel Street
704.972.5278 x633,Mr. Jorge McGlynn,52557 Aracely Inlet
1-354-299-8060 x977,Virginia Kilback,93739 Stark Point
972.344.3589 x89157,Garfield Gulgowski,764 Fredy Street
601-001-9963 x377,Adell Weimann IV,7980 Hermann Ridge
1-628-422-3748 x6076,Noemy Blanda,95446 Jan Curve
(132)914-8042,Daron Rau,204 Franco Highway
1-494-944-3742 x16730,Araceli Harvey,7739 Edd Views
688-163-7267,Ola Blick,8574 Treutel Lake
263-794-2699 x7683,Miss Octavia Jacobson,2464 Judd Throughway
(456)368-1785 x378,Garnet Ledner,15228 Ewald Pines
386.462.6243 x75158,Casimer Romaguera,234 Tatum Forge
1-817-861-0458 x79598,Dayna Fahey,392 Parker Prairie
441-460-8256 x09158,Elouise Schoen,40517 Jasmin Island
960-260-7490 x27258,Anibal Schmeler PhD,46374 Mann Gateway
(382)732-9070 x264,Geovany Effertz,39855 Novella Creek
997.609.8533 x41717,Carole Douglas,99154 Jeffrey Circle
1-394-845-4243 x0711,Orie Wiza,3027 Tressie Estates
1-092-119-2071 x499,Ezra Klocko,271 Kris Isle
357.846.4620 x728,Daisha Sauer,3451 Dicki Inlet
(415)807-0146 x3592,Mrs. Antonietta Dooley,3013 Jovanny Spur
987-585-6590,Elouise Jerde,16995 Marks Villages
294-213-6004,Marshall Hackett DDS,2541 Buford Manor
390.973.0576 x320,Jaqueline D'Amore,3494 Bell Prairie
807-703-7459 x613,Elsie Simonis,51968 Pfeffer Mission
515-399-5583 x7877,Terrance Volkman,51410 Jordon Grove
1-036-728-8009,Edna Homenick Jr.,45657 Monte Hollow
393.867.5419 x21937,Berneice Christiansen,882 Yvonne Field
406-821-7490 x3288,Brenna Yundt,7827 Jerrod Islands
922.301.9722 x6776,Darrel Graham,03451 Marcel Mountain
(961)295-3210,Mr. Federico Hansen,96466 Adrien Road
(087)982-0890 x860,Adrienne Maggio,4022 Elena Mountains
441.919.9548 x997,Mr. Brenna Schiller,88422 Myriam Villages
540.393.9879,Elliot Yost,80614 Jed Prairie
077-286-0348,Kellie Reinger,70892 Jackeline Forks
786-194-3182,Mrs. Domingo Dicki,7557 Estrella Divide
756-012-4847 x648,Torrance Champlin V,1484 Esta Green
282-667-7777,Matt Orn,8940 Crona Pike
1-816-911-7648 x4942,Mara Batz,68813 Langosh Walks
1-698-044-1196 x927,Taryn Kunde,6330 Witting Mountain
(089)630-8016,Dr. Timmothy Tillman,68382 Jaclyn Turnpike
930-389-2047,Destin Turner,69352 Jackson View
137.743.2399 x829,Ms. Vern Satterfield,587 Gladyce Trafficway
1-555-024-1467 x4640,Conrad Torp,4938 Jessyca Brook
685-539-2833,Connor Lowe,91099 Garth Grove
514.578.8658,Gene Marquardt II,79820 Nick River
(393)317-6457 x837,Shirley Rath,710 Hills Fields
(975)582-7995 x14516,Lela Lubowitz,206 Gottlieb Fall
372-695-2020 x606,Emmett Rice,740 Constantin View
765-741-1695 x93196,Nelle Kuvalis IV,253 Block Groves
1-761-591-1001,Graham Goldner,0920 Earlene Forest
1-236-599-5401 x78492,Reed Moen,94342 Murphy Rapid
834-557-3508 x503,Glenna Harris,674 Patsy Cliff
1-962-762-3325,Katheryn Prosacco,4342 Jerrell Forks
507.478.4902,Susana Osinski,63836 Runte Run
717.307.1366 x506,Micah Lynch,9567 Angelica Loop
135-404-6069 x7354,Brigitte Beatty,26429 Taylor Square
497.173.5345 x006,Milton Doyle,66105 Green Tunnel
752-161-2031 x869,Ozella Cremin,236 Renner Freeway
842.001.3263 x211,Jovani Koepp MD,6986 Samantha Greens
1-720-026-1714,Dillan Barton,5773 Elise Plaza
199-185-8196,Else Yundt DDS,065 Jerel Flat
006-528-3760,Talon Weber,2710 Vickie Court
638-884-4394,Rowland Bernhard,920 Clarabelle Causeway
692-797-9329,Triston Stark,93566 Piper Islands
577.331.5256 x00152,Danny Hand DDS,5967 Rocio Trafficway
(909)229-2580 x083,Crystel Schmeler MD,140 Tania Expressway
128.600.0246 x235,Paris Carter,08696 Kelvin Extensions
1-266-397-8279 x0166,Kaycee Schuppe,42648 Rebekah Cape
965.245.7455,Leila Gusikowski,972 Freeman Gardens
(606)717-1150,Hipolito Abshire,05452 Retha Oval
1-330-794-5994 x4026,Robin Howell,57490 Sheila Prairie
812-069-5228 x195,Keven Baumbach,0012 Bobby View
233.214.0631 x77722,Leo McClure,750 Dickinson Lakes
(769)172-3216 x206,Dr. Susanna Nicolas,711 Darius Burg
154.623.0732,Twila Runolfsdottir,2109 Brendon Radial
264.621.4186 x9059,Jesus Corwin,4558 Daphnee Rapid
445-836-7548,Reba Conroy,71372 Stefanie Stravenue
(910)189-9751 x8800,Kamron Eichmann,293 Wisozk Overpass
1-067-592-5400,Maximo Armstrong,959 Troy Junction
421.439.6623 x056,Myah Lakin,1359 Armstrong Port
315.053.0879 x635,Fletcher Morissette,812 Jude Trail
(301)634-7733,Jed Spinka,3904 West Curve
345-012-9605 x4366,Genevieve Nienow,289 Alyce Crossing
(152)080-3669 x112,Mrs. Cecil Guªann,97062 Waters Flat
258-821-8824,Carlee Bartell,97137 Kurt Gateway
1-748-708-2762 x91302,Lorna Hoppe,12176 Nicolas Circles
(025)888-1209 x61262,Janet Hirthe,70415 Sister Walk
1-618-928-7842,Lexi Huel,5331 Shields Overpass
1-483-505-3293 x917,Angel Larkin,070 Mossie Shoals
986-795-6347 x579,Adella Hintz,597 Jaylen Roads
(324)832-8090,Faye Schinner,2932 Oran Parks
141-744-1865 x35659,Reuben Feest,035 Evelyn Orchard
1-039-846-4211,Dr. Domenica Block,925 Conn Roads
018-806-5230,Uriah Hilpert,5573 Jimmie Isle
968.413.5998,Annetta Nader,37251 Smith Bypass
(381)314-7426,Mr. Alycia Dooley,8800 Walsh Causeway
1-717-780-2449,Felipe Howe,7609 Pinkie Forges
854.479.5819,Calista Jakubowski Jr.,9465 Keven Mission
193-320-7307,Fay Morissette,793 Noemy Views
(092)974-9457,Triston Cronin Sr.,6898 Elise Ranch
1-765-222-8601,Jeremie Christiansen PhD,5195 Earlene Squares
719.282.4149,Joel Lang,344 Rosina Inlet
792-082-7119 x4048,Claud Rosenbaum,0456 Cesar Underpass
982.079.7643,Ms. Vernon Raynor,2691 Hintz Ways
(840)016-5462,Claudie Balistreri,92541 Casimer Stream
929-807-5924 x1351,Sabrina McDermott,6043 Williamson Light
596.703.2360 x5685,Orlo Boehm,44444 Lebsack Cliffs
172.889.3646,Kayleigh Friesen,8076 Spencer Stravenue
791-234-4299 x15259,Monserrat Williamson,4570 Luettgen Brooks
372-357-5677,Baron Swift,23098 Lubowitz Bridge
1-073-453-5406 x1613,Ms. Lucius Guªann,1247 Fabiola Groves
(884)427-8367 x42690,Michele Botsford,1307 Tillman Mountains
396-952-7345 x332,Magali Kunde,5948 Goyette Court
275.517.2377 x79038,Kariane McDermott,6094 Tillman Curve
896.357.4720 x61905,Maximillia Langosh,93221 Emmett Mews
182.336.6547 x820,Nelle Willms,346 Raynor Pike
099-970-3151,Emmy Hilll,0232 Jaleel Plains
(289)296-1743,Jackie Cormier,888 Dino Bridge
661.366.6278 x073,Alta Bauch,134 Carter Centers
1-628-793-3424 x361,Kenya Kuhn,60582 Bergnaum Course
189-330-9553,Tressa Kreiger,87985 Heaney Courts
(311)458-5849 x149,Kellie Waters,7211 Bettye Alley
1-673-869-4123 x936,Dr. Patricia Gottlieb,937 Swift Brooks
1-457-226-9002 x3744,Abraham Abernathy,3332 Grimes Ports
(877)935-1399 x41425,Sylvan Haag,33328 Tremblay Neck
509-263-7511 x5228,Orval Stanton,76973 Braulio Square
1-315-949-1135 x0324,Myrna Schuppe,20657 Mueller Walk
1-598-564-6620 x99069,Lonzo Williamson,022 Jessica Manors
661.871.2609,Emie Gerlach I,3901 Harley Parkway
214-595-9502 x674,Lauren Goldner,4300 Wolf Lodge
846-331-9671 x79981,Houston Kohler,7474 Stanton Alley
(987)507-6211,Cleta Grimes,1405 Mante Ville
596.354.0249 x981,Cassandre Walker,5090 Winfield Motorway
138-369-6070 x14362,Gay O'Hara,2937 Molly Pines
1-699-462-2404 x0998,Anita Koelpin,080 Monique Corner
501-823-7106 x8317,Rigoberto Will,1795 Doyle Mountain
(831)550-8785,Emilia Pacocha,21893 Gutkowski Ramp
(108)012-2154 x049,Scotty Fisher,6535 Graham Walks
(132)885-4248 x2970,Brown Ernser I,75188 Heathcote Mountains
464-806-5501 x00541,Alanna White,37064 Rebeka Shores
(859)814-9851 x864,Mrs. Josue Treutel,886 Hiram Ford
491-634-0395 x386,Angelo Nikolaus,80530 Lind Garden
(943)655-0771 x85089,Wilhelm Kautzer,3547 Adams Inlet
267-053-8835,Kattie Price II,0809 Hansen Vista
701-295-9042,Jordy Reichert,014 Hector Valley
561.613.5202,Elenor Rath MD,26144 Marge Mews
1-822-736-0799 x57026,Sydnee Johnston,09386 Claudia Mountains
223-002-6021 x74774,Reginald Ledner,256 Shields Creek
099.535.3140 x846,Willard Wunsch PhD,22771 Swift Valley
376.771.1028 x2965,Marisa Wehner,35817 Hintz Harbor
1-204-362-0238 x03433,Ari Lehner,500 Bayer Throughway
364.709.4949,Carolina Feest V,4413 Deckow Unions
101.734.5230,Nikko Upton,83010 Katrine Views
791-743-0423,Aaron Mitchell,3447 Renner Garden
1-240-102-1569 x21254,Earnest Reynolds,94675 Wintheiser Street
1-857-665-3607 x09224,Ignatius Johnson,94906 Lane Square
(177)307-4519 x0460,Amparo Wolf I,721 Keaton Place
(029)792-2706 x38000,Myrna Franecki,827 Schamberger View
(758)270-7253,Dorcas Hansen,86047 Hodkiewicz Inlet
(709)516-4719 x806,Lacey Senger,2435 Giles Plains
450.499.0488,Orlo Kuhn,476 McDermott Rest
388.531.3081 x34493,Valentine Koch,88451 Olson Plains
(565)623-7435 x15814,Noemie Carroll,113 Armani Green
993.427.3218 x959,Ms. Javon Morar,668 Farrell Cove
1-560-796-7423 x027,Joanny Beier,65777 Reynolds Gateway
1-252-040-4594 x35970,Bernadette Orn,4925 Sally Causeway
467.620.8201,Max Daugherty,659 Arielle Extensions
592-563-5143 x7008,Elwin Harvey,12509 Lorenza Creek
1-498-017-0698,Dr. Ronny Spencer,469 Cole Summit
732-909-6480 x161,Roselyn Sanford,645 Selina Mill
957.730.6026,Tyler King,7106 Powlowski Loop
1-129-305-1639 x320,Marcelo Langworth,078 Green Parkway
1-776-707-3748,Lisa Bechtelar,1292 Wilhelm Mills
(460)586-8797 x5134,Andreanne Upton,95152 Hoppe Isle
(657)701-6164 x1064,Valerie Hudson,2489 Stroman Orchard
372-174-3388,Aletha Bailey,2313 Geovanni Meadow
639-293-4968,Toni Bode,4899 Balistreri Prairie
295.470.5698 x963,Dr. Berniece Erdman,05022 Eunice Camp
(452)341-3746 x51801,Zackery Konopelski,291 Ratke Green
1-527-245-6855,Dr. Baby Hand,35614 Troy Course
971.087.8377,Mariela Deckow I,5584 Beatrice Mills
(142)409-2624 x442,Brock Hermiston,264 Schumm Corner
636.464.1606,Shanel Cronin,117 Barton Underpass
417.858.4374,Wilhelm Abernathy,5289 Hirthe Path
(579)322-6586 x1822,Ruthie Douglas,323 Walker Viaduct
(458)267-6164,Louvenia Bergnaum,26964 Predovic Road
(004)556-7154 x7861,Ms. Juliana Hoppe,20314 Adolfo Tunnel
670.289.8284 x5131,Meggie Treutel,87124 Estel Springs
998.339.5188,Dr. Patience Padberg,251 Giles Route
(481)398-0937 x731,Weldon Quitzon Jr.,655 Destini Prairie
062.056.3608 x121,Ms. Clinton Mosciski,0488 Janessa Unions
1-084-816-9988,Ms. Lew Monahan,3715 Brandon Dale
342.879.1800 x6568,Daphne Osinski,48155 Adell Crescent
389.979.4368,Milo Herzog,46331 Reynolds Port
956-170-8141 x0973,Milford Dietrich,83322 Zaria Shoal
138.164.8979,Kelly Yundt,8431 Bashirian Island
1-260-945-1786 x073,Nelson Bode,27510 Shania Causeway
1-244-193-9281 x235,Kianna Gulgowski,26158 Laila Creek
802.687.7393,Misael Fay,4855 Alex Cove
1-489-213-8830 x283,Dandre Kuhic,7336 Lynch Pike
(265)091-2912,Jevon Gusikowski,1287 Conroy Plain
(187)338-1335 x8973,Judy Pfeffer,2781 Jacinthe Mission
(553)505-1975 x1161,Dayne Nienow,5861 Berta Harbor
815.394.0766 x737,Paige Prosacco,22764 Chauncey Greens
792-295-1104 x286,Marcelino Spinka,83610 Louisa Underpass
517.357.1207,Rita Funk,52155 Johnny Loop
1-990-583-5012 x0888,Destiny Kohler Sr.,5113 Rosenbaum Expressway
982.942.0187,Jewell Schulist,3722 Jenkins Locks
(113)587-6011 x352,Cayla Mosciski,43822 Oral Harbor
(710)273-1928,Damian Schiller,41494 Kuvalis Flat
(122)727-4129 x88216,Lois Koch,38409 Prudence Estate
068-119-1207 x696,Berenice Zieme,207 Carli Forest
1-468-537-2370,Wilton Kirlin,7630 Botsford Radial
(652)015-3447 x4042,Sim Hyatt,655 Ignatius Orchard
773-148-7419 x628,Grayce Considine,3801 Brandi Glen
129.997.5281,Milan Beahan,979 Medhurst View
489.340.5769 x53051,Jerrell Wilkinson,2233 Raymundo Heights
882-453-8354 x69752,Willow Mitchell,442 Cummings Center
135.966.7391 x342,Candace McLaughlin I,2166 O'Kon Glens
1-962-668-7597 x2110,Iva Connelly,437 Stark Crossing
(872)170-3198 x157,Lois Gerhold,8951 McGlynn Ports
1-902-459-4441,Judson Mosciski,0781 Schuppe Park
(568)121-1279,April Hansen,4295 Dave Street
(140)866-8079,Rosamond Schumm,362 Ilene Fork
1-950-974-8422 x406,Cathryn Kemmer,8207 Gleason Fork
811.579.9808,Linnie Wunsch,0226 Rosalind Cove
321.654.1919 x41135,Eliseo Sawayn,2283 Morar Vista
500-722-8103,Hillary O'Conner,942 Jarrell Mountains
(368)501-2164 x09813,Randi Ankunding,009 Fabiola Neck
(420)707-5445,Kane Trantow,16820 Jast Locks
(765)963-0285,Reilly Dickinson Sr.,4133 Ferry Turnpike
(888)124-1607,Elissa Berge,095 Labadie Road
1-110-915-5273,Macie Mayert,548 Mckenzie Island
559.396.1008 x3449,Deanna Harvey,7648 Hoeger Street
(238)054-8751 x638,Ms. Henri Mertz,85436 Bailey Lakes
(058)896-4638,Bobby Hayes IV,21907 Buckridge Pine
885.342.7622 x052,Shyanne Denesik DDS,51435 Kilback Shoals
949.632.0710,Dandre Haley,84077 Becker Alley
(692)510-7927 x52506,Freda Kautzer,539 Laila View
1-342-551-2451 x7049,Mrs. Tamia Feil,90856 Brenda Fort
(752)768-1816 x12698,Dr. Ryann Jakubowski,0685 Erika Forges
1-962-639-9860 x21715,Bobbie Casper II,35242 Bradtke Ports
236-427-7556 x9201,Trevion Abshire,702 Alexandrea Pike
361.505.9014,Marlon Borer,68359 Torphy Estate
371-659-9499 x393,Hayley Schulist,2001 Bernice Street
(830)594-3692 x689,Dr. Kaia McKenzie,3457 Schowalter Fields
1-808-450-3933 x07486,Emelie Baumbach,75536 Myrtis Bypass
(083)270-3245,Fatima Marquardt,2289 Herzog Field
(788)650-2417,Esmeralda Guªann,0489 Lang Court
551.052.3794,Ms. Lyda Huel,80682 Stephen Rapids
295-978-8622,Alda Glover,9517 Willis Circle
(129)638-8641 x844,Oscar Ziemann,9968 Lubowitz Locks
126.114.7686 x6302,Vito Hudson,213 Winfield Mills
(621)570-1576 x6504,Edgardo Schiller,7513 Estrella Isle